{
    "loss_treino": [
        0.334598954632824,
        0.20879631809090726,
        0.1419031651568041,
        0.09835163473524242,
        0.06958756002627092,
        0.05122044043949349,
        0.038935423972228406,
        0.03030995465839047,
        0.023989023678189027,
        0.019116400970735744
    ],
    "loss_teste": [
        0.25395720933714844,
        0.17671738149084382,
        0.12015394073112573,
        0.11440086410225138,
        0.061495539778434645,
        0.05958922199393403,
        0.03473606755811212,
        0.026805273994436635,
        0.021993509142672188,
        0.017477143014276105
    ],
    "f1_pixel": [
        0.9999999949999953,
        0.9999999949999953,
        0.9999999949999953,
        0.9999999949999953,
        0.9999999949999953,
        0.9999999949999953,
        0.9999999949999953,
        0.9999999949999953,
        0.9999999949999953,
        0.9999999949999953
    ],
    "iou_pixel": [
        0.9999999999999953,
        0.9999999999999953,
        0.9999999999999953,
        0.9999999999999953,
        0.9999999999999953,
        0.9999999999999953,
        0.9999999999999953,
        0.9999999999999953,
        0.9999999999999953,
        0.9999999999999953
    ],
    "mcc_pixel": [
        0.0,
        0.0,
        0.0,
        0.0,
        0.0,
        0.0,
        0.0,
        0.0,
        0.0,
        0.0
    ],
    "nsr_objeto": [
        0.9999999900000002,
        0.9999999900000002,
        0.9999999900000002,
        0.9999999900000002,
        0.9999999900000002,
        0.9999999900000002,
        0.9999999900000002,
        0.9999999900000002,
        0.9999999900000002,
        0.9999999900000002
    ],
    "precisao_borda_20m": [
        0.0,
        0.0,
        0.0,
        0.0,
        0.0,
        0.0,
        0.0,
        0.0,
        0.0,
        0.0
    ],
    "revocacao_borda_20m": [
        0.0,
        0.0,
        0.0,
        0.0,
        0.0,
        0.0,
        0.0,
        0.0,
        0.0,
        0.0
    ],
    "distancia_centroide_metros": [
        0.0,
        0.0,
        0.0,
        0.0,
        0.0,
        0.0,
        0.0,
        0.0,
        0.0,
        0.0
    ],
    "distorcao_forma_npi": [
        0.0,
        0.0,
        0.0,
        0.0,
        0.0,
        0.0,
        0.0,
        0.0,
        0.0,
        0.0
    ]
}