{
    "loss_treino": [
        1.3611783122359886,
        1.0290694399323799,
        0.961252365921897,
        0.9249068819764327,
        0.8976164135642383,
        0.8695717470586014,
        0.8452920764182901,
        0.8297984906571225,
        0.8281976551032252,
        0.8282605634010182
    ],
    "loss_teste": [
        123.8750187938769,
        43.33480102816838,
        550.3140912352922,
        466.1519042507285,
        295.72125326302637,
        2.6228256972387456,
        9.252259018061551,
        92.32948058825919,
        2.730622544143747,
        22.0418904714303
    ],
    "f1_pixel": [
        6.047133310340402e-05,
        0.0009043390593877097,
        0.0,
        0.0,
        3.0288084447067827e-05,
        0.531037013805435,
        0.5536542637055792,
        0.5536542637055792,
        0.5526570015231493,
        0.5536542637055792
    ],
    "iou_pixel": [
        3.0236606580286735e-05,
        0.00045237603110652127,
        0.0,
        0.0,
        1.514427866445379e-05,
        0.36256262942871254,
        0.38401539017553865,
        0.38401539017553865,
        0.38305764437193096,
        0.38401539017553865
    ],
    "mcc_pixel": [
        -4.07817107333975e-05,
        -0.00021525987064520196,
        0.0,
        0.0,
        -2.1623922555591555e-05,
        -0.0017551150197959917,
        0.0,
        0.0,
        -0.0009977226593306703,
        0.0
    ],
    "nsr_objeto": [
        4081632.749404389,
        16326530.997617556,
        0.0,
        0.0,
        4081632.749404389,
        142857146.2155482,
        4081632.749404389,
        4081632.749404389,
        8163265.498808778,
        4081632.749404389
    ],
    "precisao_borda_20m": [
        0.19141156459592812,
        0.2311267006766559,
        0.0,
        0.0,
        0.1786564625291755,
        0.29475216561387035,
        0.0,
        0.0,
        0.2731171572119574,
        0.0
    ],
    "revocacao_borda_20m": [
        0.0001582623396361015,
        0.0012928868263802765,
        0.0,
        0.0,
        0.00011635576990753697,
        0.3309625610107019,
        0.0,
        0.0,
        0.020007962604184394,
        0.0
    ],
    "distancia_centroide_metros": [
        1756.5541076601758,
        516.1566509151461,
        0.0,
        0.0,
        1760.0653822536817,
        412.95206620532076,
        409.89036997229607,
        409.89036997229607,
        410.32922475292963,
        409.89036997229607
    ],
    "distorcao_forma_npi": [
        0.6848954361981757,
        0.2673479611724791,
        0.0,
        0.0,
        0.7355796026176042,
        0.07598262999224084,
        0.735579604824517,
        0.735579604824517,
        0.5637287804123838,
        0.735579604824517
    ]
}