{
    "loss_treino": [
        1.4366960602910268,
        1.017903832373957,
        0.9154201330330209,
        0.8699808770756224,
        0.8591316349681813,
        0.828055406174397,
        0.8201417264910454,
        0.8065954556871439,
        0.7872798243531159,
        0.7820689158312651,
        0.7905102249106204,
        0.7658155579119303,
        0.7685950726026927,
        0.7537388524201627,
        0.7733032261720737,
        0.7696970551205174,
        0.7646779147589244,
        0.7567487908461672,
        0.7406639232313865,
        0.7342137760520644,
        0.7299552884418786,
        0.7243632652688932,
        0.7229801898419175,
        0.7151909216406599,
        0.7087239448855636,
        0.7040538141795496,
        0.7154046246031731,
        0.7085105546727472,
        0.6953613834978506,
        0.6869312218108927
    ],
    "loss_teste": [
        4.588019144127923,
        5.948953053933385,
        23.48746554800564,
        51.80956056931284,
        111.9693536324952,
        35.14162336116258,
        29.969610101957052,
        11.728034739707919,
        331.6048127002389,
        190.68183543070498,
        14.341953532907922,
        8.599617687247353,
        150.8942421692878,
        163.64625387010474,
        24.89718042161007,
        21.18271362225193,
        340.03492624729665,
        165.65087848337348,
        16.453494268911594,
        153.97488471483766,
        53.79020066269149,
        48.79130230698414,
        199.33623298054667,
        500.9221786159031,
        62.424306484377155,
        107.4789372199557,
        565.1068228299735,
        376.20275712000495,
        352.290219467957,
        89.86526262554301
    ],
    "f1_pixel": [
        0.5536542637055792,
        0.32339356788786416,
        0.012158006594400547,
        0.00021578543556501133,
        0.007802354235267991,
        0.05757940434756563,
        0.0485907782136486,
        0.08294383429285482,
        0.027579790339396854,
        0.055679282361492,
        0.1089867321763434,
        0.5536542637055792,
        0.08294094354133702,
        0.06749188597346045,
        0.1543280336511348,
        0.18167091989837958,
        0.05280625331766755,
        0.06834775793029292,
        0.0,
        0.08185246333816541,
        0.0449183611769465,
        0.0400776791937975,
        0.07162942231602888,
        0.08248229238818706,
        0.10413371149100593,
        0.06481687083957044,
        0.07689528907388611,
        0.05372560417171878,
        0.0878868109161895,
        0.06578973628773055
    ],
    "iou_pixel": [
        0.38401539017553865,
        0.19300045204685187,
        0.006116377969792496,
        0.00010790450021884892,
        0.0039165368834056195,
        0.029644618387094927,
        0.024901706588629606,
        0.04326968524638988,
        0.013983074132163292,
        0.028638357898287645,
        0.05764144090051684,
        0.38401539017553865,
        0.04326745974205438,
        0.034926811957238416,
        0.08363666803675315,
        0.09993388843985118,
        0.02712038551788631,
        0.03538541544519099,
        0.0,
        0.04267605971954282,
        0.022976542415595554,
        0.020449764366044766,
        0.03714715901421385,
        0.04301789073831899,
        0.05493133968409482,
        0.03349656032297401,
        0.0399874526592815,
        0.027605970319723817,
        0.04596650823984618,
        0.03401616903584803
    ],
    "mcc_pixel": [
        0.0,
        -0.0027519114281181842,
        -0.0017163572404254453,
        6.13727776515864e-05,
        -0.0014014752432245931,
        6.959072025125494e-07,
        -0.0003874209041829932,
        -0.0008613065995275975,
        -0.0008409869167359903,
        -0.001386320104739629,
        -0.0008781340548007921,
        0.0,
        -0.00040660859907607903,
        -0.001292817395133574,
        -0.0034391720586370127,
        -0.0024480920511990834,
        -0.0008612271463008488,
        -0.0009647563472081105,
        0.0,
        -0.0012750595998874705,
        -0.0012991596519895028,
        -0.00145967911264668,
        -0.0006077508136683128,
        -0.00040282054510603076,
        -0.000265854557029462,
        -0.0018624834517120133,
        -0.0007426301389613219,
        -0.0009359464097618535,
        -0.000483840613378112,
        -0.0015658093221443794
    ],
    "nsr_objeto": [
        4081632.749404389,
        25951021020.732895,
        32653061.99523511,
        12244898.24821317,
        12244898.24821317,
        16326530.997617556,
        332653069.0516595,
        216326535.69507366,
        522448991.9237618,
        4081632.749404389,
        51020409.373047926,
        4081632.749404389,
        4081632.749404389,
        457142867.93329155,
        16326530.997617556,
        12244898.242090719,
        4081632.749404389,
        236734699.45865184,
        0.0,
        220408168.45423153,
        8163265.498808778,
        40816327.514452055,
        4081632.749404389,
        4081632.749404389,
        4081632.749404389,
        8163265.498808778,
        4081632.749404389,
        61224491.28899402,
        4081632.749404389,
        69387756.7403439
    ],
    "precisao_borda_20m": [
        0.0,
        0.2914612762285131,
        0.24269642289568963,
        0.19585762875703652,
        0.2340821499699757,
        0.27479680293111886,
        0.27119593322105556,
        0.27678974272224594,
        0.24783830518517755,
        0.25636904204975713,
        0.2911122663871753,
        0.0,
        0.2800274036054903,
        0.27224605838197125,
        0.2894647178936306,
        0.2901675385142452,
        0.2565869341655751,
        0.26870961031267465,
        0.0,
        0.2779662467022401,
        0.2783754055807844,
        0.27163702831606734,
        0.2699257445604356,
        0.2797355645444557,
        0.28983814556005255,
        0.2774578363072602,
        0.27481384489484095,
        0.2657161353399852,
        0.28319205509455847,
        0.2770795210703593
    ],
    "revocacao_borda_20m": [
        0.0,
        0.823844125594711,
        0.015742927663350722,
        0.0005187873428451871,
        0.011178332640862682,
        0.052911113489444314,
        0.049072673235109034,
        0.07320793343220938,
        0.03804331996961557,
        0.06218906679138462,
        0.06345814451960133,
        0.0,
        0.07070104865876177,
        0.06316030823043238,
        0.06655342688796533,
        0.059885966786841334,
        0.055883186001952606,
        0.06372590766861631,
        0.0,
        0.07801032793766637,
        0.03894758274038296,
        0.03469524397318042,
        0.06383294607214884,
        0.07047043859372136,
        0.08123978193535167,
        0.05389893473245824,
        0.06724573373958947,
        0.05242880165192588,
        0.07424160617633925,
        0.0560217741203283
    ],
    "distancia_centroide_metros": [
        409.89036997229607,
        450.7904766952358,
        1179.7696012851684,
        890.5416423921579,
        1218.5818289510419,
        625.1861050228408,
        451.7457781459927,
        456.7915848823539,
        550.4196417324825,
        549.4599678968517,
        527.1946019950005,
        409.89036997229607,
        422.7808419009638,
        579.6759770750351,
        867.0110064103449,
        703.6828034361321,
        520.895297441604,
        632.6795322648223,
        0.0,
        522.6186995650828,
        926.5864183719762,
        966.9931382876183,
        507.8591813641323,
        424.1974172255306,
        414.430417227392,
        635.2986991279811,
        459.6076842554055,
        645.9871141290308,
        414.30672928962866,
        631.4777849809448
    ],