{
    "loss_treino": [
        1.4019355273286787,
        1.036295696336294,
        0.927334125667851,
        0.8731279937948387,
        0.8587217371388988,
        0.8434045197632789,
        0.8298413198387893,
        0.8238867073627721,
        0.798741242598885,
        0.7891410332316796,
        0.7817436321163816,
        0.7751661672243936,
        0.7761138494397155,
        0.7646995203117684,
        0.7585213560457348,
        0.7506022807058605,
        0.7430984485017086,
        0.740040313687798,
        0.7309614480914695,
        0.7256717171184882,
        0.7232354163165572,
        0.7202769394611831,
        0.7205508463673945,
        0.7128096036091005,
        0.7106330416390493,
        0.7104245058643051,
        0.708513888727381,
        0.7057774258564988,
        0.702620675611317,
        0.7017743096976233
    ],
    "loss_teste": [
        71.96117624495668,
        26.256377684803848,
        76.88844605756583,
        3.1682052834637595,
        493.1464271304808,
        131.79209255024125,
        6.5777811778563615,
        37.04168641226499,
        17.707577128807227,
        11.141956722237392,
        1.9724047082252696,
        3.5302854065645435,
        2.2797713027591255,
        2.9800183149099064,
        1.9899406004514761,
        40.17715719009708,
        13.139073378826287,
        8.135183518984363,
        8.607227342108514,
        4.7677677438322394,
        24.919420748750643,
        34.44027515883417,
        7.370903096045871,
        12.85572192435587,
        18.690902241605723,
        11.245428937870477,
        8.273640140578197,
        9.383968825861896,
        13.705437365084247,
        15.487092322258508
    ],
    "f1_pixel": [
        0.5536542637055792,
        0.036328695344077816,
        0.0006493701165507922,
        0.12691408851620398,
        0.0,
        0.0002801439208434059,
        0.5536542637055792,
        0.5536542637055792,
        0.08282203851484048,
        0.09852892799129097,
        0.5458399765838987,
        0.5534917883719005,
        0.5506927097811024,
        0.5512505462537267,
        0.5536542637055792,
        0.08838921527387746,
        0.0913760060484801,
        0.0,
        0.001373565061185773,
        0.02589207890645681,
        0.1330335993021946,
        0.12165532736361388,
        0.5536542637055792,
        0.08282611218362264,
        0.14479190169991912,
        0.09412643399927222,
        0.09612227889069283,
        0.2850587973309555,
        0.09058305356307161,
        0.04705906285132669
    ],
    "iou_pixel": [
        0.38401539017553865,
        0.018501789902024925,
        0.0003247940244563271,
        0.06776511215902631,
        0.0,
        0.00014009223242429268,
        0.38401539017553865,
        0.38401539017553865,
        0.04320370312211772,
        0.05182215487574769,
        0.37652052964154276,
        0.38385858492525554,
        0.3811717505020451,
        0.3816951127938185,
        0.38401539017553865,
        0.04624281588407069,
        0.04788141806092907,
        0.0,
        0.0006872668251013377,
        0.013117835008798234,
        0.07126587813491381,
        0.06477495199169049,
        0.38401539017553865,
        0.04320684051750599,
        0.07805941141901672,
        0.04939406294879672,
        0.050497438062366756,
        0.16628421632450363,
        0.04744600187031296,
        0.024100143891654636
    ],
    "mcc_pixel": [
        0.0,
        0.0005917454793540051,
        0.0001303977812896695,
        0.003000137330149166,
        0.0,
        0.0001351388473377865,
        0.0,
        0.0,
        0.0010248763367568204,
        0.0004984493819926456,
        -0.0010051573018278884,
        -0.0006488459605838686,
        -0.0008044400238348248,
        0.0009386126630097724,
        0.0,
        -0.0019788906704914003,
        -0.0018794831830436947,
        0.0,
        -0.0027570301886326045,
        0.015124533612071748,
        -0.001549532591676666,
        -0.0014488625348280037,
        0.0,
        -0.003986109109645075,
        -0.002299507466046236,
        -0.0030734255243346203,
        0.0031337842087127846,
        0.00016779834400473248,
        -0.0026802137907088056,
        -0.0033611120234191025
    ],
    "nsr_objeto": [
        4081632.749404389,
        16326530.997617556,
        4081632.749404389,
        4081632.763009832,
        0.0,
        4081632.749404389,
        4081632.749404389,
        4081632.749404389,
        4081632.749404389,
        8163265.503297453,
        4081632.749404389,
        4081632.749404389,
        4081632.749404389,
        4081632.749404389,
        4081632.749404389,
        4081632.749404389,
        4081632.749404389,
        0.0,
        8163265.498808778,
        8163265.555132265,
        4081632.749404389,
        4081632.749404389,
        4081632.749404389,
        10204081.930706322,
        4081632.749404389,
        8163265.498808778,
        8163265.540191999,
        4081632.749404389,
        8163265.498808778,
        4081632.770379446
    ],
    "precisao_borda_20m": [
        0.0,
        0.2820262038402104,
        0.27892573695175266,
        0.2932684475195456,
        0.0,
        0.26149659862308555,
        0.0,
        0.0,
        0.2897485535185341,
        0.28771490174553543,
        0.29329743198660185,
        0.28394665558008264,
        0.2970802786525293,
        0.29049925508008834,
        0.0,
        0.2874236903044995,
        0.2897395406651858,
        0.0,
        0.2638337713435331,
        0.3178417382899386,
        0.28964866969982156,
        0.289804080435008,
        0.0,
        0.28725531966943363,
        0.29014000891585556,
        0.2889558230752356,
        0.2913816649201045,
        0.29309335839755657,
        0.28897443771122444,
        0.2872750504690507
    ],
    "revocacao_borda_20m": [
        0.0,
        0.03146408509678023,
        0.0006651258986850477,
        0.07673438643187765,
        0.0,
        0.0003604683336952081,
        0.0,
        0.0,
        0.05772645898631155,
        0.07375805398967758,
        0.03981806474096316,
        0.0012852961623322594,
        0.03875951027632805,
        0.01707727022524477,
        0.0,
        0.05655877345702764,
        0.03766832683838416,
        0.0,
        0.0020478620265356076,
        0.01843154912228618,
        0.07493534682995602,
        0.07506251351008611,
        0.0,
        0.03697768885331337,
        0.07476983833478108,
        0.040911588954139336,
        0.05264636814295808,
        0.08708441777172597,
        0.039823583364428004,
        0.01929576529401726
    ],
    "distancia_centroide_metros": [
        409.89036997229607,
        1028.9254502472795,
        1856.2535344889518,
        445.4064009791848,
        0.0,
        1866.1542435462604,
        409.89036997229607,
        409.89036997229607,
        647.6193898623611,
        495.66297153069297,
        407.90659680690953,
        409.6690158012692,
        408.1445499626252,
        409.10358830622476,
        409.89036997229607,
        665.2738140954692,
        909.6060551103286,
        0.0,
        1657.194023958235,
        1278.6156335127475,
        488.7105408682355,
        483.77647644405937,
        409.89036997229607,
        912.3393965815098,
        535.1074247193751,
        889.1551378140792,
        735.2725459832377,
        469.90996689032056,
        883.4720827275257,
        1226.5035233067683
    ],