{
    "loss_treino": [
        0.6611021967004801,
        0.5098338374726757,
        0.4536827522323677,
        0.42310142299323156,
        0.4019703314011189,
        0.38764673889383894,
        0.3752376604869379,
        0.37503931133109686,
        0.37231132392248867,
        0.3883709134917167
    ],
    "loss_teste": [
        0.6832420005207578,
        3.946276599304105,
        2.9650526533944945,
        32.16422473349764,
        26.575141540797162,
        70.37630918982507,
        13.6561287579428,
        73.90702694168579,
        59.999664134428414,
        8.787672376509603
    ],
    "f1_pixel": [
        0.13046692456949988,
        2.9851192787190142e-05,
        0.04440906571773279,
        0.0,
        0.012734423590788729,
        0.0008748790198085545,
        0.00037186805162822554,
        0.0007019002306989824,
        0.0006235199092186878,
        0.0025707582662895046
    ],
    "iou_pixel": [
        0.0697896576946274,
        1.4925827517490746e-05,
        0.022710637419936713,
        0.0,
        0.0064083052747551696,
        0.0004376338736888975,
        0.00018596912796654642,
        0.00035107474724364326,
        0.00031185918597046304,
        0.0012870475628504623
    ],
    "mcc_pixel": [
        0.0013327797205485586,
        -7.667487466137163e-05,
        0.0006094976842365851,
        0.0,
        0.001418631464697731,
        0.000385152904434719,
        -0.00019272170005870914,
        9.722881606690409e-06,
        0.0003015812939488243,
        -0.00020252297953704946
    ],
    "nsr_objeto": [
        13048979899.744774,
        4081632.749404389,
        526530624.67316616,
        0.0,
        4081632.749404389,
        20408163.747021943,
        28571429.293622892,
        36734694.74463951,
        4081632.749404389,
        57142858.49948457
    ],
    "precisao_borda_20m": [
        0.2934890229720466,
        0.16994047613727056,
        0.2639133815125911,
        0.0,
        0.25039379020861274,
        0.2377869897921976,
        0.237770244869219,
        0.23201030411737827,
        0.2426677489108452,
        0.2554499264400468
    ],
    "revocacao_borda_20m": [
        0.7238993865955915,
        0.00011188484322485878,
        0.05050468698854228,
        0.0,
        0.01522201558167934,
        0.0013566707705001523,
        0.001119470906520139,
        0.0013752603566513763,
        0.0006513438676581133,
        0.0039132100970052635
    ],
    "distancia_centroide_metros": [
        409.58629406877145,
        1799.2558477891737,
        454.6562457289797,
        0.0,
        1407.1162372145147,
        1668.283129616685,
        1335.5742023994856,
        945.35227295551,
        1892.267220929762,
        897.4759758327068
    ],
    "distorcao_forma_npi": [
        0.13539742614912015,
        0.7355796026176042,
        0.08189336889930478,
        0.0,
        0.0751981228555141,
        0.2404980013962538,
        0.18559715230694668,
        0.1973906434451432,
        0.5099072287061843,
        0.13064106541761822
    ]
}