{
    "loss_treino": [
        1.5404669391231245,
        1.1441236173749385,
        0.9874117554273245,
        0.9482229631120584,
        0.9091317628175033,
        0.8594849382995557,
        0.8371620130255745,
        0.8203972262329017,
        0.8046583705164694,
        0.7903077830839669,
        0.7822051042047572,
        0.7754954765531348,
        0.7782072411728082,
        0.7619498133357003,
        0.7566616087796082,
        0.7581575429923101,
        0.7516933747029199,
        0.745116346664352,
        0.7384323033498504,
        0.7406995083762904,
        0.7401648949141233,
        0.7352763863335344,
        0.7349666941269742,
        0.7329693599078552,
        0.73125881619004,
        0.7309234167142569,
        0.7300328590980498,
        0.7295628777291336,
        0.7259289505062493,
        0.7261546216592684
    ],
    "loss_teste": [
        1.519815862152812,
        2.357554336962822,
        3.461983192144332,
        1286.282293900067,
        645.2133404696809,
        541.4764966617863,
        97.24566552613092,
        231.1217282154523,
        8.607073031044317,
        20.798113099256284,
        157.94541583788626,
        23.751313156754158,
        355.16118508575755,
        96.92228615408062,
        201.8704928800293,
        256.46627365298525,
        42.559483144843085,
        9.75081036885187,
        10.00968397567798,
        12.798041909873133,
        89.61707200431545,
        361.8885074446509,
        13.953247332612992,
        16.394483031067317,
        20.94608436755178,
        7.678761911714019,
        17.280011290561337,
        40.130491276528915,
        137.20823800226984,
        28.435283331043582
    ],
    "f1_pixel": [
        0.5536392436539973,
        0.05965168257612533,
        0.06655567501587502,
        0.0,
        0.0,
        0.004071716620159413,
        0.05724567749687877,
        0.024003169541267803,
        0.00015236324389164386,
        0.08145374453725635,
        0.08749841409263621,
        0.013497808183366612,
        0.08107443062910923,
        0.0843068938961178,
        0.08391563288270039,
        0.06717970985677826,
        0.05043270585812667,
        0.0029285638559811565,
        6.055367880840282e-05,
        0.0016036882308411245,
        0.07162476551813983,
        0.07133274942202414,
        0.0026862172713618296,
        0.0027099192893737844,
        0.050764162989968636,
        0.0037901211766396153,
        0.002245971783426429,
        0.05172744988784422,
        0.05797218794450792,
        0.04602288210631339
    ],
    "iou_pixel": [
        0.38400093278019964,
        0.030745508189751462,
        0.034432401755930445,
        0.0,
        0.0,
        0.0020400481687590163,
        0.02946959945003663,
        0.012148594307824976,
        7.618753474882592e-05,
        0.042459752372663126,
        0.045754503825700586,
        0.006794965304077967,
        0.04225293807967472,
        0.044012642032130844,
        0.043798860128069175,
        0.034760111471563,
        0.02587044298898505,
        0.0014664760898548622,
        3.0277771635219156e-05,
        0.0008025027893350731,
        0.03714677368978661,
        0.036988605101305805,
        0.0013449553947543918,
        0.0013568401132051224,
        0.026044875627962837,
        0.0018987235000448761,
        0.0011242774053407704,
        0.02655229679436551,
        0.029853698719399725,
        0.023554950591617684
    ],
    "mcc_pixel": [
        0.00020195360361136287,
        0.00035399780515611685,
        0.0021650734663218145,
        0.0,
        0.0,
        0.00046452092900678215,
        0.0016935192215766723,
        0.0012598035604550637,
        -6.973551519619154e-06,
        0.0008255347938651163,
        0.0005949045010494747,
        -0.0018150721713635152,
        0.0003255092680121063,
        -0.0002764151341073135,
        -0.00037008678274803907,
        -0.0007464204820650169,
        -0.001969594650401104,
        -0.0006358570158436597,
        -3.095363071684282e-05,
        -0.0005192792259400753,
        -0.0010203603987559184,
        -0.000984656296405727,
        -0.0007017766100179966,
        -0.0006200106817223973,
        -0.0016233452877817717,
        -0.0006545797257201346,
        -0.0005820036126776312,
        -0.001195628904474986,
        -0.0014397626479136004,
        -0.0021643879495098833
    ],
    "nsr_objeto": [
        4081632.749404389,
        848979611.7981069,
        102040818.73869966,
        0.0,
        0.0,
        497959195.42733556,
        16326530.997617556,
        36734694.74463951,
        8163265.498808778,
        16326530.997617556,
        12244898.241410447,
        28571429.266238883,
        4081632.749404389,
        432653070.2429037,
        4081632.775991867,
        44897960.270254225,
        18367347.294627283,
        12244898.24821317,
        8163265.498808778,
        8163265.498808778,
        26530612.897576544,
        12244898.240639176,
        8163265.498808778,
        4081632.749404389,
        16326530.992409132,
        22448980.118695244,
        4081632.749404389,
        10204081.824648399,
        83673471.21773459,
        4081632.797653584
    ],
    "precisao_borda_20m": [
        0.23977465986053387,
        0.2676921341053505,
        0.28356510892946246,
        0.0,
        0.0,
        0.2384320782570811,
        0.2654746541109953,
        0.2793147518998746,
        0.1984374999844758,
        0.2849810475069287,
        0.27766491691961376,
        0.25178116606623807,
        0.27443672709761885,
        0.27680466570021267,
        0.2742576497876706,
        0.2716890438634037,
        0.29356385062021856,
        0.2716700669500971,
        0.1720450680003005,
        0.2757829763928273,
        0.29620512250047076,
        0.27927569643909217,
        0.2782622201427543,
        0.27617043021621684,
        0.28449348089760357,
        0.26635271859817966,
        0.2786863699881515,
        0.2923492737993567,
        0.2900724715648391,
        0.2874625946001471
    ],
    "revocacao_borda_20m": [
        0.001268522472676571,
        0.08145207423922665,
        0.02790631620163055,
        0.0,
        0.0,
        0.010825783334234318,
        0.044586674606244076,
        0.020491359897695988,
        0.0003570985703575327,
        0.08105787524803601,
        0.07917051720273093,
        0.016612504925129327,
        0.07132926760022197,
        0.06546543582573695,
        0.0714684105425513,
        0.05968923119230529,
        0.05083293808129155,
        0.0027629689912366377,
        0.00022421142093639708,
        0.0020643403494640684,
        0.047194903869331735,
        0.057786272956764397,
        0.0029314669839227486,
        0.002472300865455525,
        0.05417433055866194,
        0.0036839493457843852,
        0.002371243447112838,
        0.048456940644820264,
        0.044627274977371706,
        0.05124278995871811
    ],
    "distancia_centroide_metros": [
        409.8893737989582,
        651.0589605314627,
        1151.7264378535292,
        0.0,
        0.0,
        1310.8192623559019,
        896.8489876358516,
        1276.7524328718023,
        1216.801242651578,
        666.4502180230196,
        498.95393570952433,
        1092.4458599596787,
        480.5455701980908,
        675.8307395593746,
        507.3906272400442,
        611.8462969570443,
        897.0699394033103,
        1635.116710976173,
        409.89036997229607,
        1683.703287662112,
        909.5781313131118,
        611.274816695908,
        1665.0520367295821,
        1684.8201069708773,
        898.1894599711001,
        1460.3998974560054,
        1685.4200883450708,
        903.0163828939197,
        893.5304102600904,
        897.3738758707406
    ],